run,n0,ring_size,ring_width,pa
1,50,19.01369,11.84876,146.83841
2,50,19.04921,12.15881,143.93242
3,50,19.04977,11.813,147.27234
4,50,18.96601,11.86626,147.43745
5,50,18.97848,11.86847,147.452
6,50,19.03215,11.89518,146.51656
7,50,18.99752,11.82495,147.7937
8,50,18.97074,11.82463,147.4247
9,50,18.94845,11.90483,147.12353
10,50,19.0183,11.88293,147.31144
11,50,18.99864,11.8621,147.24812
12,50,18.95441,11.89565,147.28872
13,50,19.00152,11.86354,147.33365
14,50,19.03537,11.88347,147.33021
15,50,18.96899,11.86902,147.12944
16,50,18.94433,11.86888,147.238
17,50,18.88008,11.86013,147.4947
18,50,19.01073,11.8784,146.83016
19,50,18.99729,11.81602,147.30253
20,50,19.00177,11.8739,147.36884
21,50,19.02901,11.86247,147.46802
22,50,19.017,11.88628,147.13447
23,50,19.03532,11.90601,147.07411
24,50,18.85638,11.84866,147.59102
25,50,18.94873,11.89947,147.12945
26,50,18.99768,11.89577,146.86658
27,50,18.98836,11.90239,146.83521
28,50,18.99162,11.90112,147.44114
29,50,18.91117,11.84551,146.62795
30,50,19.1015,11.83147,147.79127
31,50,18.9727,11.89037,147.44726
32,50,19.04156,11.9057,146.78771
33,50,18.98583,11.87551,147.54316
34,50,18.97932,11.87011,146.9833
35,50,18.93616,11.8602,147.32589
36,50,18.90141,11.91721,147.32049
37,50,18.99209,11.89598,147.34427
38,50,19.04209,11.8492,147.07411
39,50,18.94155,11.85386,147.52661
40,50,19.00045,11.83154,147.53438
41,50,19.01267,11.877,147.64543
42,50,18.99252,11.87535,147.18754
43,50,19.01389,11.88578,147.10942
44,50,18.98617,11.84818,147.49758
45,50,18.96599,11.88169,146.92084
46,50,19.00263,11.87187,147.16031
47,50,18.88647,11.90367,146.91497
48,50,19.01043,11.89504,147.29027
49,50,19.01613,11.85504,147.10076
50,50,18.98169,11.8693,147.14878
1,100,19.51661,11.63779,149.14256
2,100,19.49182,11.6505,149.05962
3,100,19.50369,11.65442,149.01564
4,100,19.56935,11.63661,149.18617
5,100,19.50887,11.63635,149.07031
6,100,19.52144,11.64089,149.04157
7,100,19.5841,11.56278,151.0931
8,100,19.49702,11.64281,148.90487
9,100,19.52301,11.62732,149.33484
10,100,19.44226,11.66897,149.12309
11,100,19.48387,11.64137,149.16651
12,100,19.50301,11.66166,148.83504
13,100,19.57698,11.5956,149.28206
14,100,19.47092,11.65736,148.91663
15,100,19.5117,11.64627,148.95624
16,100,19.51694,11.65379,148.99928
17,100,19.5228,11.65612,149.15046
18,100,19.51204,11.66953,149.09906
19,100,19.64278,11.63211,150.56762
20,100,19.55189,11.64831,149.13503
21,100,19.5629,11.63885,149.31656
22,100,19.52595,11.66269,148.97807
23,100,19.49198,11.65104,149.11581
24,100,19.48685,11.63888,148.96662
25,100,19.45026,11.65463,149.25659
26,100,19.50926,11.66288,149.08758
27,100,19.93888,11.73385,149.01814
28,100,19.51147,11.67431,148.94013
29,100,19.47653,11.65482,149.07861
30,100,19.53948,11.60025,149.09272
31,100,20.98534,12.18449,148.42675
32,100,19.4973,11.65935,149.1902
33,100,19.51679,11.63415,149.02514
34,100,19.4592,11.65882,149.14486
35,100,19.48996,11.62051,149.07868
36,100,19.50454,11.62967,149.22352
37,100,19.52559,11.64472,149.23776
38,100,19.55626,11.61947,148.90311
39,100,19.36726,11.71736,148.71184
40,100,19.47444,11.65454,149.20194
41,100,19.51227,11.63099,149.27734
42,100,19.46451,11.64147,149.03952
43,100,19.51602,11.6762,149.05105
44,100,19.52172,11.6607,148.92132
45,100,19.49412,11.6455,149.21066
46,100,19.50455,11.64178,149.11217
47,100,19.51501,11.64749,148.79836
48,100,19.6114,11.63521,150.49118
49,100,19.50002,11.63926,148.8338
50,100,19.52224,11.62757,149.37296
1,150,19.37728,11.27505,147.79951
2,150,19.55632,11.4281,148.01463
3,150,19.54773,11.43678,147.78312
4,150,19.56138,11.47225,147.88187
5,150,19.47112,11.38094,148.91704
6,150,19.55918,11.46422,147.78219
7,150,19.51145,11.38356,148.51279
8,150,19.5408,11.40281,147.68986
9,150,19.54211,11.43854,147.76184
10,150,19.53803,11.46286,147.75298
11,150,19.50414,11.45579,147.84986
12,150,19.49799,11.45625,147.69922
13,150,19.52471,11.42491,147.71882
14,150,19.53843,11.40765,148.94773
15,150,19.50958,11.44063,147.6943
16,150,19.53727,11.43513,147.93497
17,150,19.51679,11.36396,148.7651
18,150,19.50205,11.44723,148.09546
19,150,19.51421,11.44092,147.64406
20,150,19.52513,11.44043,147.78435
21,150,19.54174,11.50005,147.07762
22,150,19.5317,11.46638,148.2313
23,150,19.52215,11.46949,147.83967
24,150,19.50417,11.44422,147.73398
25,150,19.49899,11.44501,147.58753
26,150,19.54977,11.45254,147.97605
27,150,19.53432,11.43844,148.13233
28,150,19.55781,11.45717,147.98493
29,150,19.52707,11.45117,148.43891
30,150,19.51836,11.44904,148.05259
31,150,19.50261,11.44013,147.91468
32,150,19.51932,11.42368,147.96794
33,150,19.57139,11.39529,148.117
34,150,19.52878,11.41328,147.74512
35,150,19.4975,11.46461,147.80229
36,150,19.5604,11.45953,148.09348
37,150,19.49695,11.45161,147.97641
38,150,19.51265,11.44113,147.84337
39,150,19.53721,11.45846,147.74559
40,150,19.52658,11.46413,147.82076
41,150,19.49093,11.43881,147.84296
42,150,19.51792,11.42529,147.77079
43,150,19.49377,11.43704,147.88761
44,150,19.55119,11.43979,147.86857
45,150,19.5185,11.44371,147.65542
46,150,19.48562,11.39017,148.82987
47,150,19.50365,11.41044,147.45957
48,150,19.51158,11.42406,147.77253
49,150,19.54068,11.43343,147.90041
50,150,19.51202,11.38906,148.4822
1,200,21.6072,12.03459,145.98751
2,200,20.31138,11.50432,147.94006
3,200,19.83971,11.30363,146.4716
4,200,19.69423,11.30617,146.40272
5,200,20.11633,11.46146,146.91329
6,200,19.77686,11.29156,146.39938
7,200,19.75777,11.32017,146.41095
8,200,19.69647,11.39678,146.26345
9,200,19.73244,11.34121,146.40197
10,200,19.73781,11.31189,146.40777
11,200,19.78854,11.33726,146.96306
12,200,19.71867,11.32096,146.40819
13,200,19.71934,11.31349,146.50866
14,200,19.71446,11.307,146.59213
15,200,19.75071,11.32941,146.29318
16,200,21.21692,12.01128,148.47632
17,200,21.40048,11.98897,145.30763
18,200,19.74643,11.28908,146.51851
19,200,19.68933,11.31929,146.26392
20,200,19.77062,11.34171,146.30681
21,200,19.7446,11.30777,146.43888
22,200,19.69336,11.31016,146.34417
23,200,19.75422,11.2839,146.36342
24,200,19.73795,11.31543,146.49808
25,200,20.10514,11.4325,146.43421
26,200,19.72479,11.31953,146.37119
27,200,19.72141,11.2889,146.36739
28,200,19.72874,11.32888,146.50914
29,200,19.75054,11.29968,146.35802
30,200,19.75404,11.31855,146.50812
31,200,19.72152,11.33295,146.3841
32,200,20.10259,11.51116,146.94647
33,200,19.71058,11.30341,146.67277
34,200,19.7368,11.35292,146.29741
35,200,19.77024,11.29026,146.64938
36,200,19.75578,11.31346,146.29922
37,200,19.74268,11.31554,146.59339
38,200,19.731,11.27956,146.69634
39,200,19.79626,11.269,146.69296
40,200,19.7277,11.29568,146.47557
41,200,19.73486,11.30284,146.32796
42,200,19.74752,11.31662,146.47215
43,200,19.73206,11.29396,146.46214
44,200,19.7503,11.31631,146.61752
45,200,19.71099,11.30861,146.52791
46,200,21.27963,11.82767,146.83961
47,200,19.69646,11.30993,146.24442
48,200,19.76942,11.32742,146.40194
49,200,19.72016,11.32954,146.23718
50,200,19.74577,11.30869,146.23292
1,250,19.68794,11.22618,147.95215
2,250,19.69312,11.25341,148.03925
3,250,19.70417,11.20587,147.95108
4,250,19.67534,11.21613,147.72119
5,250,19.70865,11.18119,147.26383
6,250,19.67442,11.22161,147.78108
7,250,19.70932,11.21625,147.90765
8,250,19.70452,11.21135,148.20739
9,250,19.7,11.206,147.94945
10,250,19.67352,11.20803,147.9808
11,250,19.69276,11.21628,147.96586
12,250,19.74482,11.19548,147.86621
13,250,19.7,11.19975,147.63481
14,250,19.66601,11.23112,147.72125
15,250,20.00949,11.38749,147.86144
16,250,19.70008,11.17571,147.86462
17,250,19.64128,11.19002,147.56221
18,250,19.7204,11.22099,147.60124
19,250,19.72395,11.20428,148.05044
20,250,19.6665,11.24082,147.46705
21,250,19.61581,11.21765,147.13099
22,250,19.7069,11.21259,147.77458
23,250,21.20151,11.7877,148.01403
24,250,19.6927,11.22509,147.97794
25,250,19.73041,11.21774,147.97294
26,250,19.7093,11.20895,147.85287
27,250,19.62551,11.19281,147.83427
28,250,19.7094,11.22541,147.71837
29,250,19.6979,11.21724,147.789
30,250,19.66135,11.22172,147.94504
31,250,19.74278,11.22139,147.90729
32,250,19.69244,11.25645,147.86483
33,250,19.7144,11.21889,148.03502
34,250,19.68347,11.2334,148.08411
35,250,19.67373,11.18997,148.04265
36,250,19.75695,11.16781,147.85533
37,250,19.69919,11.21978,148.1191
38,250,19.65235,11.16105,149.33633
39,250,19.65414,11.20289,147.94654
40,250,19.69292,11.23794,148.09568
41,250,19.70599,11.20642,149.56035
42,250,19.70555,11.22102,148.37293
43,250,19.5934,11.1501,146.8845
44,250,19.73534,11.19182,148.11348
45,250,19.77944,11.2316,148.21036
46,250,19.70282,11.22944,147.89617
47,250,21.23885,11.76876,148.04742
48,250,19.70213,11.1839,149.26297
49,250,19.69892,11.21913,148.0017
50,250,19.71722,11.18343,147.90398
1,300,19.65154,11.35506,148.27484
2,300,19.65531,11.37282,148.19795
3,300,19.65083,11.37205,148.33948
4,300,19.55549,11.39337,148.4059
5,300,19.62633,11.37253,148.34277
6,300,19.65415,11.37733,148.0491
7,300,19.6049,11.40045,148.51334
8,300,19.61396,11.40406,148.38505
9,300,19.56154,11.48295,148.03322
10,300,19.68293,11.39844,148.30882
11,300,19.54499,11.42365,149.30063
12,300,19.72429,11.4102,148.32656
13,300,19.649,11.36874,148.46602
14,300,19.63246,11.37487,148.54695
15,300,19.61247,11.3472,148.37302
16,300,19.61808,11.35572,148.20965
17,300,19.70391,11.33963,149.68452
18,300,19.62966,11.37787,148.34638
19,300,19.62308,11.42908,148.12019
20,300,19.62502,11.39,148.33207
21,300,19.65153,11.37052,148.20556
22,300,19.64112,11.39333,148.00091
23,300,19.68981,11.33727,148.33863
24,300,19.64187,11.36304,148.50927
25,300,19.58526,11.43757,148.25443
26,300,19.63464,11.37462,148.34473
27,300,19.73149,11.36117,148.4577
28,300,19.67123,11.37396,148.39972
29,300,19.61145,11.36805,148.52969
30,300,19.65373,11.34517,148.54068
31,300,19.63685,11.40364,148.18985
32,300,19.66803,11.3916,148.74171
33,300,19.65632,11.35015,148.39206
34,300,19.60085,11.38446,148.20446
35,300,19.61655,11.36773,148.51265
36,300,19.60955,11.36012,148.06344
37,300,19.77797,11.33873,149.68136
38,300,19.67902,11.37198,148.11376
39,300,19.60319,11.36915,148.30726
40,300,19.605,11.36892,148.07391
41,300,19.65913,11.36003,148.16018
42,300,19.66223,11.37782,148.44115
43,300,19.65854,11.35226,148.5861
44,300,19.65967,11.37122,148.43865
45,300,19.63293,11.3655,148.26916
46,300,19.60672,11.27708,150.45278
47,300,19.62281,11.3989,148.56452
48,300,19.74671,11.36398,148.55243
49,300,19.61452,11.36702,148.44272
50,300,19.64325,11.35935,148.34157
1,350,19.66264,11.32038,148.05318
2,350,19.62374,11.29962,148.14452
3,350,19.63609,11.32446,148.20571
4,350,19.67991,11.32226,148.13178
5,350,19.66092,11.31692,147.70289
6,350,19.64082,11.29605,148.28068
7,350,19.68358,11.3064,148.09467
8,350,19.64638,11.30235,148.1912
9,350,19.68602,11.32048,148.31061
10,350,19.65879,11.3261,148.13508
11,350,20.03411,11.48216,148.63434
12,350,19.64861,11.27574,148.45693
13,350,19.61103,11.29423,147.9285
14,350,21.19406,11.89169,147.9845
15,350,19.6496,11.3404,148.04634
16,350,19.60549,11.32746,147.84782
17,350,19.68242,11.26635,149.49608
18,350,19.64379,11.31556,148.03445
19,350,19.69967,11.29439,149.71621
20,350,19.63984,11.33221,148.61148
21,350,19.68337,11.31521,148.06088
22,350,19.62035,11.30535,148.00468
23,350,19.68521,11.25384,149.45784
24,350,19.98639,11.47744,147.96298
25,350,19.61352,11.30144,148.06179
26,350,19.63458,11.30649,148.22341
27,350,19.72859,11.33328,147.35688
28,350,19.65159,11.31026,147.89996
29,350,19.65777,11.3377,148.3049
30,350,19.77606,11.34254,147.75641
31,350,19.75386,11.29367,149.92969
32,350,19.66745,11.31801,148.02762
33,350,19.61059,11.32295,148.06823
34,350,19.64522,11.29483,148.07443
35,350,19.67014,11.30878,148.27407
36,350,19.59007,11.33464,147.8585
37,350,19.66015,11.31518,147.93973
38,350,19.58694,11.31856,147.63203
39,350,19.88583,11.22112,146.82288
40,350,19.65889,11.31461,148.18196
41,350,19.59893,11.31582,147.84532
42,350,19.61212,11.31251,147.76501
43,350,19.73821,11.28611,147.98045
44,350,19.63604,11.35736,148.38992
45,350,19.68074,11.3101,147.70174
46,350,19.65919,11.34035,147.86259
47,350,19.61008,11.31603,148.16895
48,350,21.21359,11.91636,147.93978
49,350,19.66302,11.3268,148.04204
50,350,19.67336,11.32836,148.08031
1,400,19.67701,11.20939,147.88921
2,400,20.25183,11.15768,147.41869
3,400,19.74135,11.24952,147.93748
4,400,19.71807,11.26903,147.79623
5,400,19.72004,11.26712,147.82635
6,400,19.69265,11.22914,148.02051
7,400,19.66725,11.27407,147.99912
8,400,19.72913,11.26043,148.48903
9,400,19.69766,11.24921,147.9717
10,400,19.72973,11.25765,147.93742
11,400,19.70794,11.25491,148.01391
12,400,19.70729,11.24818,148.17673
13,400,19.72959,11.40314,147.17245
14,400,19.69969,11.25493,147.84695
15,400,19.75465,11.22268,148.16486
16,400,19.73945,11.22174,147.79405
17,400,19.73824,11.25418,147.26751
18,400,19.71933,11.26023,148.04573
19,400,19.72774,11.27525,148.2098
20,400,19.7233,11.27495,147.82873
21,400,19.72703,11.24924,147.80981
22,400,19.68404,11.27713,147.52482
23,400,19.74765,11.22188,147.78335
24,400,19.74218,11.29051,147.89047
25,400,19.73473,11.18724,149.37258
26,400,19.69675,11.30542,147.40507
27,400,19.68349,11.24797,147.78659
28,400,19.66201,11.25086,147.90883
29,400,19.72668,11.23931,147.97276
30,400,19.6669,11.27896,147.90704
31,400,19.70873,11.2574,147.94495
32,400,19.69809,11.26276,148.07387
33,400,19.79157,11.22355,148.03814
34,400,19.71403,11.25209,148.00782
35,400,19.70596,11.24991,147.98598
36,400,19.66558,11.22742,148.04694
37,400,21.29656,11.80141,147.48558
38,400,19.71421,11.24884,147.94043
39,400,19.73324,11.23431,149.20859
40,400,19.69311,11.27645,147.79383
41,400,19.70306,11.281,148.25775
42,400,19.73882,11.25748,148.12766
43,400,19.72533,11.27044,148.0526
44,400,19.69037,11.22706,147.75574
45,400,19.63605,11.23064,147.45628
46,400,19.65905,11.28156,147.64092
47,400,19.6936,11.26551,147.91534
48,400,19.69044,11.22548,147.68848
49,400,19.69746,11.25665,147.93189
50,400,19.75414,11.28871,147.80291
